gene	p	score
ENSG00000118971	5.00000000000019e-27	9
ENSG00000008323	5.00000000000012e-18	9
ENSG00000125378	7.00000000000072e-31	9
ENSG00000166922	9.99999999999931e-54	9
ENSG00000125845	8.00000000000073e-30	9
ENSG00000124191	2.00000000000005e-11	6.60407757814642
ENSG00000144857	1.99999999999998e-16	8.12589066470191
ENSG00000164362	6.00000000000037e-36	9
ENSG00000112175	1.00000000000003e-15	7.94144448741598
ENSG00000147677	1.99999999999988e-56	9
